Post_town,county,country
Badminton,Avon,England
Banwell,Avon,England
Bath,Avon,England
Bristol,Avon,England
Clevedon,Avon,England
Radstock,Avon,England
Weston Super Mare,Avon,England
Winscombe,Avon,England
Arlesey,Bedfordshire,England
Bedford,Bedfordshire,England
Biggleswade,Bedfordshire,England
Dunstable,Bedfordshire,England
Henlow,Bedfordshire,England
Leighton Buzzard,Bedfordshire,England
Luton,Bedfordshire,England
Sandy,Bedfordshire,England
Shefford,Bedfordshire,England
Ascot,Berkshire,England
Bracknell,Berkshire,England
Crowthorne,Berkshire,England
Hungerford,Berkshire,England
Maidenhead,Berkshire,England
Newbury,Berkshire,England
Reading,Berkshire,England
Sandhurst,Berkshire,England
Slough,Berkshire,England
Thatcham,Berkshire,England
Windsor,Berkshire,England
Wokingham,Berkshire,England
Amersham,Buckinghamshire,England
Aylesbury,Buckinghamshire,England
Beaconsfield,Buckinghamshire,England
Bourne End,Buckinghamshire,England
Buckingham,Buckinghamshire,England
Chalfont St Giles,Buckinghamshire,England
Chesham,Buckinghamshire,England
Gerrards Cross,Buckinghamshire,England
Great Missenden,Buckinghamshire,England
High Wycombe,Buckinghamshire,England
Iver,Buckinghamshire,England
Marlow,Buckinghamshire,England
Milton Keynes,Buckinghamshire,England
Newport Pagnell,Buckinghamshire,England
Olney,Buckinghamshire,England
Princes Risborough,Buckinghamshire,England
Cambridge,Cambridgeshire,England
Chatteris,Cambridgeshire,England
Ely,Cambridgeshire,England
Huntingdon,Cambridgeshire,England
March,Cambridgeshire,England
Peterborough,Cambridgeshire,England
St Ives,Cambridgeshire,England
St Neots,Cambridgeshire,England
Wisbech,Cambridgeshire,England
Alderley Edge,Cheshire,England
Altrincham,Cheshire,England
Cheadle,Cheshire,England
Chester,Cheshire,England
Congleton,Cheshire,England
Crewe,Cheshire,England
Dukinfield,Cheshire,England
Frodsham,Cheshire,England
Hyde,Cheshire,England
Knutsford,Cheshire,England
Lymm,Cheshire,England
Macclesfield,Cheshire,England
Malpas,Cheshire,England
Middlewich,Cheshire,England
Nantwich,Cheshire,England
Northwich,Cheshire,England
Runcorn,Cheshire,England
Sale,Cheshire,England
Sandbach,Cheshire,England
Stalybridge,Cheshire,England
Stockport,Cheshire,England
Tarporley,Cheshire,England
Warrington,Cheshire,England
Widnes,Cheshire,England
Wilmslow,Cheshire,England
Winsford,Cheshire,England
Billingham,Cleveland,England
Guisborough,Cleveland,England
Hartlepool,Cleveland,England
Middlesbrough,Cleveland,England
Redcar,Cleveland,England
Saltburn By The Sea,Cleveland,England
Stockton On Tees,Cleveland,England
Yarm,Cleveland,England
Bodmin,Cornwall,England
Boscastle,Cornwall,England
Bude,Cornwall,England
Callington,Cornwall,England
Calstock,Cornwall,England
Camborne,Cornwall,England
Camelford,Cornwall,England
Delabole,Cornwall,England
Falmouth,Cornwall,England
Fowey,Cornwall,England
Gunnislake,Cornwall,England
Hayle,Cornwall,England
Helston,Cornwall,England
Launceston,Cornwall,England
Liskeard,Cornwall,England
Looe,Cornwall,England
Lostwithiel,Cornwall,England
Marazion,Cornwall,England
Newquay,Cornwall,England
Padstow,Cornwall,England
Par,Cornwall,England
Penryn,Cornwall,England
Penzance,Cornwall,England
Perranporth,Cornwall,England
Port Isaac,Cornwall,England
Redruth,Cornwall,England
Saltash,Cornwall,England
St Agnes,Cornwall,England
St Austell,Cornwall,England
St Columb,Cornwall,England
St Ives,Cornwall,England
Tintagel,Cornwall,England
Torpoint,Cornwall,England
Truro,Cornwall,England
Wadebridge,Cornwall,England
Barnard Castle,County Durham,England
Bishop Auckland,County Durham,England
Chester Le Street,County Durham,England
Consett,County Durham,England
Crook,County Durham,England
Darlington,County Durham,England
Durham,County Durham,England
Ferryhill,County Durham,England
Newton Aycliffe,County Durham,England
Peterlee,County Durham,England
Seaham,County Durham,England
Shildon,County Durham,England
Spennymoor,County Durham,England
Stanley,County Durham,England
Trimdon Station,County Durham,England
Wingate,County Durham,England
Alston,Cumbria,England
Ambleside,Cumbria,England
Appleby In Westmorland,Cumbria,England
Askam In Furness,Cumbria,England
Barrow In Furness,Cumbria,England
Beckermet,Cumbria,England
Brampton,Cumbria,England
Broughton In Furness,Cumbria,England
Carlisle,Cumbria,England
Cleator,Cumbria,England
Cleator Moor,Cumbria,England
Cockermouth,Cumbria,England
Coniston,Cumbria,England
Dalton In Furness,Cumbria,England
Egremont,Cumbria,England
Frizington,Cumbria,England
Grange Over Sands,Cumbria,England
Holmrook,Cumbria,England
Kendal,Cumbria,England
Keswick,Cumbria,England
Kirkby In Furness,Cumbria,England
Kirkby Stephen,Cumbria,England
Maryport,Cumbria,England
Millom,Cumbria,England
Milnthorpe,Cumbria,England
Moor Row,Cumbria,England
Penrith,Cumbria,England
Ravenglass,Cumbria,England
Seascale,Cumbria,England
Sedbergh,Cumbria,England
St Bees,Cumbria,England
Ulverston,Cumbria,England
Whitehaven,Cumbria,England
Wigton,Cumbria,England
Windermere,Cumbria,England
Workington,Cumbria,England
Alfreton,Derbyshire,England
Ashbourne,Derbyshire,England
Bakewell,Derbyshire,England
Belper,Derbyshire,England
Buxton,Derbyshire,England
Chesterfield,Derbyshire,England
Derby,Derbyshire,England
Dronfield,Derbyshire,England
Glossop,Derbyshire,England
Heanor,Derbyshire,England
High Peak,Derbyshire,England
Hope Valley,Derbyshire,England
Ilkeston,Derbyshire,England
Matlock,Derbyshire,England
Ripley,Derbyshire,England
Swadlincote,Derbyshire,England
Axminster,Devon,England
Barnstaple,Devon,England
Beaworthy,Devon,England
Bideford,Devon,England
Braunton,Devon,England
Brixham,Devon,England
Buckfastleigh,Devon,England
Budleigh Salterton,Devon,England
Chulmleigh,Devon,England
Colyton,Devon,England
Crediton,Devon,England
Cullompton,Devon,England
Dartmouth,Devon,England
Dawlish,Devon,England
Exeter,Devon,England
Exmouth,Devon,England
Holsworthy,Devon,England
Honiton,Devon,England
Ilfracombe,Devon,England
Ivybridge,Devon,England
Kingsbridge,Devon,England
Lifton,Devon,England
Lynmouth,Devon,England
Lynton,Devon,England
Newton Abbot,Devon,England
North Tawton,Devon,England
Okehampton,Devon,England
Ottery St Mary,Devon,England
Paignton,Devon,England
Plymouth,Devon,England
Salcombe,Devon,England
Seaton,Devon,England
Sidmouth,Devon,England
South Brent,Devon,England
South Molton,Devon,England
Tavistock,Devon,England
Teignmouth,Devon,England
Tiverton,Devon,England
Torquay,Devon,England
Torrington,Devon,England
Totnes,Devon,England
Umberleigh,Devon,England
Winkleigh,Devon,England
Woolacombe,Devon,England
Yelverton,Devon,England
Beaminster,Dorset,England
Blandford Forum,Dorset,England
Bournemouth,Dorset,England
Bridport,Dorset,England
Broadstone,Dorset,England
Christchurch,Dorset,England
Dorchester,Dorset,England
Ferndown,Dorset,England
Gillingham,Dorset,England
Lyme Regis,Dorset,England
Poole,Dorset,England
Portland,Dorset,England
Shaftesbury,Dorset,England
Sherborne,Dorset,England
Sturminster Newton,Dorset,England
Swanage,Dorset,England
Verwood,Dorset,England
Wareham,Dorset,England
Weymouth,Dorset,England
Wimborne,Dorset,England
Battle,East Sussex,England
Bexhill On Sea,East Sussex,England
Brighton,East Sussex,England
Crowborough,East Sussex,England
Eastbourne,East Sussex,England
Etchingham,East Sussex,England
Forest Row,East Sussex,England
Hailsham,East Sussex,England
Hartfield,East Sussex,England
Hastings,East Sussex,England
Heathfield,East Sussex,England
Hove,East Sussex,England
Lewes,East Sussex,England
Mayfield,East Sussex,England
Newhaven,East Sussex,England
Peacehaven,East Sussex,England
Pevensey,East Sussex,England
Polegate,East Sussex,England
Robertsbridge,East Sussex,England
Rye,East Sussex,England
Seaford,East Sussex,England
St Leonards On Sea,East Sussex,England
Uckfield,East Sussex,England
Wadhurst,East Sussex,England
Winchelsea,East Sussex,England
Barking,Essex,England
Basildon,Essex,England
Benfleet,Essex,England
Billericay,Essex,England
Braintree,Essex,England
Brentwood,Essex,England
Buckhurst Hill,Essex,England
Burnham On Crouch,Essex,England
Canvey Island,Essex,England
Chelmsford,Essex,England
Chigwell,Essex,England
Clacton On Sea,Essex,England
Colchester,Essex,England
Dagenham,Essex,England
Dunmow,Essex,England
Epping,Essex,England
Frinton On Sea,Essex,England
Grays,Essex,England
Halstead,Essex,England
Harlow,Essex,England
Harwich,Essex,England
Hockley,Essex,England
Hornchurch,Essex,England
Ilford,Essex,England
Ingatestone,Essex,England
Leigh On Sea,Essex,England
Loughton,Essex,England
Maldon,Essex,England
Manningtree,Essex,England
Ongar,Essex,England
Purfleet,Essex,England
Rainham,Essex,England
Rayleigh,Essex,England
Rochford,Essex,England
Romford,Essex,England
Saffron Walden,Essex,England
South Ockendon,Essex,England
Southend On Sea,Essex,England
Southminster,Essex,England
Stanford Le Hope,Essex,England
Stansted,Essex,England
Tilbury,Essex,England
Upminster,Essex,England
Waltham Abbey,Essex,England
Walton On The Naze,Essex,England
Westcliff On Sea,Essex,England
Wickford,Essex,England
Witham,Essex,England
Woodford Green,Essex,England
Berkeley,Gloucestershire,England
Blakeney,Gloucestershire,England
Cheltenham,Gloucestershire,England
Chipping Campden,Gloucestershire,England
Cinderford,Gloucestershire,England
Cirencester,Gloucestershire,England
Coleford,Gloucestershire,England
Drybrook,Gloucestershire,England
Dursley,Gloucestershire,England
Dymock,Gloucestershire,England
Fairford,Gloucestershire,England
Gloucester,Gloucestershire,England
Lechlade,Gloucestershire,England
Longhope,Gloucestershire,England
Lydbrook,Gloucestershire,England
Lydney,Gloucestershire,England
Mitcheldean,Gloucestershire,England
Moreton In Marsh,Gloucestershire,England
Newent,Gloucestershire,England
Newnham,Gloucestershire,England
Ruardean,Gloucestershire,England
Stonehouse,Gloucestershire,England
Stroud,Gloucestershire,England
Tetbury,Gloucestershire,England
Tewkesbury,Gloucestershire,England
Westbury On Severn,Gloucestershire,England
Wotton Under Edge,Gloucestershire,England
Aldershot,Hampshire,England
Alresford,Hampshire,England
Alton,Hampshire,England
Andover,Hampshire,England
Basingstoke,Hampshire,England
Bordon,Hampshire,England
Brockenhurst,Hampshire,England
Eastleigh,Hampshire,England
Emsworth,Hampshire,England
Fareham,Hampshire,England
Farnborough,Hampshire,England
Fleet,Hampshire,England
Fordingbridge,Hampshire,England
Gosport,Hampshire,England
Havant,Hampshire,England
Hayling Island,Hampshire,England
Hook,Hampshire,England
Lee On The Solent,Hampshire,England
Liphook,Hampshire,England
Liss,Hampshire,England
Lymington,Hampshire,England
Lyndhurst,Hampshire,England
New Milton,Hampshire,England
Petersfield,Hampshire,England
Portsmouth,Hampshire,England
Ringwood,Hampshire,England
Romsey,Hampshire,England
Rowlands Castle,Hampshire,England
Southampton,Hampshire,England
Southsea,Hampshire,England
Stockbridge,Hampshire,England
Tadley,Hampshire,England
Waterlooville,Hampshire,England
Whitchurch,Hampshire,England
Winchester,Hampshire,England
Yateley,Hampshire,England
Bromyard,Herefordshire,England
Hereford,Herefordshire,England
Kington,Herefordshire,England
Ledbury,Herefordshire,England
Leominster,Herefordshire,England
Ross On Wye,Herefordshire,England
Abbots Langley,Hertfordshire,England
Baldock,Hertfordshire,England
Barnet,Hertfordshire,England
Berkhamsted,Hertfordshire,England
Bishops Stortford,Hertfordshire,England
Borehamwood,Hertfordshire,England
Broxbourne,Hertfordshire,England
Buntingford,Hertfordshire,England
Bushey,Hertfordshire,England
Harpenden,Hertfordshire,England
Hatfield,Hertfordshire,England
Hemel Hempstead,Hertfordshire,England
Hertford,Hertfordshire,England
Hitchin,Hertfordshire,England
Hoddesdon,Hertfordshire,England
Kings Langley,Hertfordshire,England
Knebworth,Hertfordshire,England
Letchworth Garden City,Hertfordshire,England
Much Hadham,Hertfordshire,England
Potters Bar,Hertfordshire,England
Radlett,Hertfordshire,England
Rickmansworth,Hertfordshire,England
Royston,Hertfordshire,England
Sawbridgeworth,Hertfordshire,England
St Albans,Hertfordshire,England
Stevenage,Hertfordshire,England
Tring,Hertfordshire,England
Waltham Cross,Hertfordshire,England
Ware,Hertfordshire,England
Watford,Hertfordshire,England
Welwyn,Hertfordshire,England
Welwyn Garden City,Hertfordshire,England
Bembridge,Isle of Wight,England
Cowes,Isle of Wight,England
East Cowes,Isle of Wight,England
Freshwater,Isle of Wight,England
Newport,Isle of Wight,England
Ryde,Isle of Wight,England
Sandown,Isle of Wight,England
Seaview,Isle of Wight,England
Shanklin,Isle of Wight,England
Totland Bay,Isle of Wight,England
Ventnor,Isle of Wight,England
Yarmouth,Isle of Wight,England
Isles of Scilly,Isles of Scilly,England
Ashford,Kent,England
Aylesford,Kent,England
Beckenham,Kent,England
Belvedere,Kent,England
Bexley,Kent,England
Bexleyheath,Kent,England
Birchington,Kent,England
Broadstairs,Kent,England
Bromley,Kent,England
Canterbury,Kent,England
Chatham,Kent,England
Chislehurst,Kent,England
Cranbrook,Kent,England
Dartford,Kent,England
Deal,Kent,England
Dover,Kent,England
Edenbridge,Kent,England
Erith,Kent,England
Faversham,Kent,England
Folkestone,Kent,England
Gillingham,Kent,England
Gravesend,Kent,England
Greenhithe,Kent,England
Herne Bay,Kent,England
Hythe,Kent,England
Keston,Kent,England
Longfield,Kent,England
Maidstone,Kent,England
Margate,Kent,England
New Romney,Kent,England
Orpington,Kent,England
Queenborough,Kent,England
Ramsgate,Kent,England
Rochester,Kent,England
Romney Marsh,Kent,England
Sandwich,Kent,England
Sevenoaks,Kent,England
Sheerness,Kent,England
Sidcup,Kent,England
Sittingbourne,Kent,England
Snodland,Kent,England
Swanley,Kent,England
Swanscombe,Kent,England
Tenterden,Kent,England
Tonbridge,Kent,England
Tunbridge Wells,Kent,England
Welling,Kent,England
West Malling,Kent,England
West Wickham,Kent,England
Westerham,Kent,England
Westgate On Sea,Kent,England
Whitstable,Kent,England
Accrington,Lancashire,England
Ashton Under Lyne,Lancashire,England
Bacup,Lancashire,England
Barnoldswick,Lancashire,England
Blackburn,Lancashire,England
Blackpool,Lancashire,England
Bolton,Lancashire,England
Burnley,Lancashire,England
Bury,Lancashire,England
Carnforth,Lancashire,England
Chorley,Lancashire,England
Clitheroe,Lancashire,England
Colne,Lancashire,England
Darwen,Lancashire,England
Fleetwood,Lancashire,England
Heywood,Lancashire,England
Lancaster,Lancashire,England
Leigh,Lancashire,England
Leyland,Lancashire,England
Littleborough,Lancashire,England
Lytham St Annes,Lancashire,England
Manchester,Lancashire,England
Morecambe,Lancashire,England
Nelson,Lancashire,England
Oldham,Lancashire,England
Ormskirk,Lancashire,England
Poulton Le Fylde,Lancashire,England
Preston,Lancashire,England
Rochdale,Lancashire,England
Rossendale,Lancashire,England
Salford,Lancashire,England
Skelmersdale,Lancashire,England
Thornton Cleveleys,Lancashire,England
Todmorden,Lancashire,England
Wigan,Lancashire,England
Ashby De La Zouch,Leicestershire,England
Coalville,Leicestershire,England
Hinckley,Leicestershire,England
Ibstock,Leicestershire,England
Leicester,Leicestershire,England
Loughborough,Leicestershire,England
Lutterworth,Leicestershire,England
Markfield,Leicestershire,England
Melton Mowbray,Leicestershire,England
Wigston,Leicestershire,England
Market Harborough,Leicestershire / Rutland,England
Oakham,Leicestershire / rutland,England
Alford,Lincolnshire,England
Boston,Lincolnshire,England
Bourne,Lincolnshire,England
Gainsborough,Lincolnshire,England
Grantham,Lincolnshire,England
Horncastle,Lincolnshire,England
Lincoln,Lincolnshire,England
Louth,Lincolnshire,England
Mablethorpe,Lincolnshire,England
Market Rasen,Lincolnshire,England
Skegness,Lincolnshire,England
Sleaford,Lincolnshire,England
Spalding,Lincolnshire,England
Spilsby,Lincolnshire,England
Stamford,Lincolnshire,England
Woodhall Spa,Lincolnshire,England
London,London,England
Birkenhead,Merseyside,England
Bootle,Merseyside,England
Ellesmere Port,Merseyside,England
Liverpool,Merseyside,England
Neston,Merseyside,England
Newton Le Willows,Merseyside,England
Prenton,Merseyside,England
Prescot,Merseyside,England
Southport,Merseyside,England
St Helens,Merseyside,England
Wallasey,Merseyside,England
Wirral,Merseyside,England
Ashford,Middlesex,England
Brentford,Middlesex,England
Edgware,Middlesex,England
Enfield,Middlesex,England
Feltham,Middlesex,England
Greenford,Middlesex,England
Hampton,Middlesex,England
Harrow,Middlesex,England
Hayes,Middlesex,England
Hounslow,Middlesex,England
Isleworth,Middlesex,England
Northolt,Middlesex,England
Northwood,Middlesex,England
Pinner,Middlesex,England
Ruislip,Middlesex,England
Shepperton,Middlesex,England
Southall,Middlesex,England
Staines Upon Thames,Middlesex,England
Stanmore,Middlesex,England
Sunbury On Thames,Middlesex,England
Teddington,Middlesex,England
Twickenham,Middlesex,England
Uxbridge,Middlesex,England
Wembley,Middlesex,England
West Drayton,Middlesex,England
Attleborough,Norfolk,England
Cromer,Norfolk,England
Dereham,Norfolk,England
Diss,Norfolk,England
Downham Market,Norfolk,England
Fakenham,Norfolk,England
Great Yarmouth,Norfolk,England
Harleston,Norfolk,England
Holt,Norfolk,England
Hunstanton,Norfolk,England
Kings Lynn,Norfolk,England
Melton Constable,Norfolk,England
North Walsham,Norfolk,England
Norwich,Norfolk,England
Sandringham,Norfolk,England
Sheringham,Norfolk,England
Swaffham,Norfolk,England
Thetford,Norfolk,England
Walsingham,Norfolk,England
Wells Next The Sea,Norfolk,England
Wymondham,Norfolk,England
Beverley,North Humberside,England
Bridlington,North Humberside,England
Brough,North Humberside,England
Cottingham,North Humberside,England
Driffield,North Humberside,England
Goole,North Humberside,England
Hessle,North Humberside,England
Hornsea,North Humberside,England
Hull,North Humberside,England
North Ferriby,North Humberside,England
Withernsea,North Humberside,England
Bedale,North Yorkshire,England
Catterick Garrison,North Yorkshire,England
Filey,North Yorkshire,England
Harrogate,North Yorkshire,England
Hawes,North Yorkshire,England
Knaresborough,North Yorkshire,England
Leyburn,North Yorkshire,England
Malton,North Yorkshire,England
Northallerton,North Yorkshire,England
Pickering,North Yorkshire,England
Richmond,North Yorkshire,England
Ripon,North Yorkshire,England
Scarborough,North Yorkshire,England
Selby,North Yorkshire,England
Settle,North Yorkshire,England
Skipton,North Yorkshire,England
Tadcaster,North Yorkshire,England
Thirsk,North Yorkshire,England
Whitby,North Yorkshire,England
York,North Yorkshire,England
Brackley,Northamptonshire,England
Corby,Northamptonshire,England
Daventry,Northamptonshire,England
Kettering,Northamptonshire,England
Northampton,Northamptonshire,England
Rushden,Northamptonshire,England
Towcester,Northamptonshire,England
Wellingborough,Northamptonshire,England
Alnwick,Northumberland,England
Ashington,Northumberland,England
Bamburgh,Northumberland,England
Bedlington,Northumberland,England
Belford,Northumberland,England
Berwick Upon Tweed,Northumberland,England
Blyth,Northumberland,England
Chathill,Northumberland,England
Choppington,Northumberland,England
Corbridge,Northumberland,England
Cornhill On Tweed,Northumberland,England
Cramlington,Northumberland,England
Haltwhistle,Northumberland,England
Hexham,Northumberland,England
Mindrum,Northumberland,England
Morpeth,Northumberland,England
Newbiggin By The Sea,Northumberland,England
Prudhoe,Northumberland,England
Riding Mill,Northumberland,England
Seahouses,Northumberland,England
Stocksfield,Northumberland,England
Wooler,Northumberland,England
Wylam,Northumberland,England
Mansfield,Nottinghamshire,England
Newark,Nottinghamshire,England
Nottingham,Nottinghamshire,England
Retford,Nottinghamshire,England
Southwell,Nottinghamshire,England
Sutton In Ashfield,Nottinghamshire,England
Worksop,Nottinghamshire,England
Abingdon,Oxfordshire,England
Bampton,Oxfordshire,England
Banbury,Oxfordshire,England
Bicester,Oxfordshire,England
Burford,Oxfordshire,England
Carterton,Oxfordshire,England
Chinnor,Oxfordshire,England
Chipping Norton,Oxfordshire,England
Didcot,Oxfordshire,England
Faringdon,Oxfordshire,England
Henley On Thames,Oxfordshire,England
Kidlington,Oxfordshire,England
Oxford,Oxfordshire,England
Thame,Oxfordshire,England
Wallingford,Oxfordshire,England
Wantage,Oxfordshire,England
Watlington,Oxfordshire,England
Witney,Oxfordshire,England
Woodstock,Oxfordshire,England
Bishops Castle,Shropshire,England
Bridgnorth,Shropshire,England
Broseley,Shropshire,England
Bucknell,Shropshire,England
Church Stretton,Shropshire,England
Craven Arms,Shropshire,England
Ellesmere,Shropshire,England
Ludlow,Shropshire,England
Lydbury North,Shropshire,England
Market Drayton,Shropshire,England
Much Wenlock,Shropshire,England
Newport,Shropshire,England
Oswestry,Shropshire,England
Shifnal,Shropshire,England
Shrewsbury,Shropshire,England
Telford,Shropshire,England
Whitchurch,Shropshire,England
Axbridge,Somerset,England
Bridgwater,Somerset,England
Bruton,Somerset,England
Burnham On Sea,Somerset,England
Castle Cary,Somerset,England
Chard,Somerset,England
Cheddar,Somerset,England
Crewkerne,Somerset,England
Dulverton,Somerset,England
Frome,Somerset,England
Glastonbury,Somerset,England
Highbridge,Somerset,England
Hinton St George,Somerset,England
Ilminster,Somerset,England
Langport,Somerset,England
Martock,Somerset,England
Merriott,Somerset,England
Minehead,Somerset,England
Montacute,Somerset,England
Shepton Mallet,Somerset,England
Somerton,Somerset,England
South Petherton,Somerset,England
Stoke Sub Hamdon,Somerset,England
Street,Somerset,England
Taunton,Somerset,England
Templecombe,Somerset,England
Watchet,Somerset,England
Wedmore,Somerset,England
Wellington,Somerset,England
Wells,Somerset,England
Wincanton,Somerset,England
Yeovil,Somerset,England
Barnetby,South Humberside,England
Barrow Upon Humber,South Humberside,England
Barton Upon Humber,South Humberside,England
Brigg,South Humberside,England
Cleethorpes,South Humberside,England
Grimsby,South Humberside,England
Immingham,South Humberside,England
Scunthorpe,South Humberside,England
Ulceby,South Humberside,England
Barnsley,South Yorkshire,England
Doncaster,South Yorkshire,England
Mexborough,South Yorkshire,England
Rotherham,South Yorkshire,England
Sheffield,South Yorkshire,England
Burntwood,Staffordshire,England
Burton On Trent,Staffordshire,England
Cannock,Staffordshire,England
Leek,Staffordshire,England
Lichfield,Staffordshire,England
Newcastle,Staffordshire,England
Rugeley,Staffordshire,England
Stafford,Staffordshire,England
Stoke On Trent,Staffordshire,England
Stone,Staffordshire,England
Tamworth,Staffordshire,England
Uttoxeter,Staffordshire,England
Aldeburgh,Suffolk,England
Beccles,Suffolk,England
Brandon,Suffolk,England
Bungay,Suffolk,England
Bures,Suffolk,England
Bury St Edmunds,Suffolk,England
Eye,Suffolk,England
Felixstowe,Suffolk,England
Halesworth,Suffolk,England
Haverhill,Suffolk,England
Ipswich,Suffolk,England
Leiston,Suffolk,England
Lowestoft,Suffolk,England
Newmarket,Suffolk,England
Saxmundham,Suffolk,England
Southwold,Suffolk,England
Stowmarket,Suffolk,England
Sudbury,Suffolk,England
Woodbridge,Suffolk,England
Addlestone,Surrey,England
Ashtead,Surrey,England
Bagshot,Surrey,England
Banstead,Surrey,England
Betchworth,Surrey,England
Camberley,Surrey,England
Carshalton,Surrey,England
Caterham,Surrey,England
Chertsey,Surrey,England
Chessington,Surrey,England
Cobham,Surrey,England
Coulsdon,Surrey,England
Cranleigh,Surrey,England
Croydon,Surrey,England
Dorking,Surrey,England
East Molesey,Surrey,England
Egham,Surrey,England
Epsom,Surrey,England
Esher,Surrey,England
Farnham,Surrey,England
Godalming,Surrey,England
Godstone,Surrey,England
Guildford,Surrey,England
Haslemere,Surrey,England
Hindhead,Surrey,England
Horley,Surrey,England
Kenley,Surrey,England
Kingston Upon Thames,Surrey,England
Leatherhead,Surrey,England
Lightwater,Surrey,England
Lingfield,Surrey,England
Mitcham,Surrey,England
Morden,Surrey,England
New Malden,Surrey,England
Oxted,Surrey,England
Purley,Surrey,England
Redhill,Surrey,England
Reigate,Surrey,England
Richmond,Surrey,England
South Croydon,Surrey,England
Surbiton,Surrey,England
Sutton,Surrey,England
Tadworth,Surrey,England
Thames Ditton,Surrey,England
Thornton Heath,Surrey,England
Virginia Water,Surrey,England
Wallington,Surrey,England
Walton On Thames,Surrey,England
Warlingham,Surrey,England
West Byfleet,Surrey,England
West Molesey,Surrey,England
Weybridge,Surrey,England
Whyteleafe,Surrey,England
Windlesham,Surrey,England
Woking,Surrey,England
Worcester Park,Surrey,England
Blaydon On Tyne,Tyne And Wear,England
Boldon Colliery,Tyne And Wear,England
East Boldon,Tyne And Wear,England
Gateshead,Tyne And Wear,England
Hebburn,Tyne And Wear,England
Houghton Le Spring,Tyne And Wear,England
Jarrow,Tyne And Wear,England
Newcastle Upon Tyne,Tyne And Wear,England
North Shields,Tyne And Wear,England
Rowlands Gill,Tyne And Wear,England
Ryton,Tyne And Wear,England
South Shields,Tyne And Wear,England
Sunderland,Tyne And Wear,England
Wallsend,Tyne And Wear,England
Washington,Tyne And Wear,England
Whitley Bay,Tyne And Wear,England
Alcester,Warwickshire,England
Atherstone,Warwickshire,England
Bedworth,Warwickshire,England
Henley In Arden,Warwickshire,England
Kenilworth,Warwickshire,England
Leamington Spa,Warwickshire,England
Nuneaton,Warwickshire,England
Rugby,Warwickshire,England
Shipston On Stour,Warwickshire,England
Southam,Warwickshire,England
Stratford Upon Avon,Warwickshire,England
Studley,Warwickshire,England
Warwick,Warwickshire,England
Bilston,West Midlands,England
Birmingham,West Midlands,England
Brierley Hill,West Midlands,England
Coventry,West Midlands,England
Cradley Heath,West Midlands,England
Dudley,West Midlands,England
Halesowen,West Midlands,England
Kingswinford,West Midlands,England
Oldbury,West Midlands,England
Rowley Regis,West Midlands,England
Smethwick,West Midlands,England
Solihull,West Midlands,England
Stourbridge,West Midlands,England
Sutton Coldfield,West Midlands,England
Tipton,West Midlands,England
Walsall,West Midlands,England
Wednesbury,West Midlands,England
West Bromwich,West Midlands,England
Willenhall,West Midlands,England
Wolverhampton,West Midlands,England
Arundel,West Sussex,England
Billingshurst,West Sussex,England
Bognor Regis,West Sussex,England
Burgess Hill,West Sussex,England
Chichester,West Sussex,England
Crawley,West Sussex,England
East Grinstead,West Sussex,England
Gatwick,West Sussex,England
Hassocks,West Sussex,England
Haywards Heath,West Sussex,England
Henfield,West Sussex,England
Horsham,West Sussex,England
Lancing,West Sussex,England
Littlehampton,West Sussex,England
Midhurst,West Sussex,England
Petworth,West Sussex,England
Pulborough,West Sussex,England
Shoreham By Sea,West Sussex,England
Steyning,West Sussex,England
Worthing,West Sussex,England
Batley,West Yorkshire,England
Bingley,West Yorkshire,England
Bradford,West Yorkshire,England
Brighouse,West Yorkshire,England
Castleford,West Yorkshire,England
Cleckheaton,West Yorkshire,England
Dewsbury,West Yorkshire,England
Elland,West Yorkshire,England
Halifax,West Yorkshire,England
Hebden Bridge,West Yorkshire,England
Heckmondwike,West Yorkshire,England
Holmfirth,West Yorkshire,England
Huddersfield,West Yorkshire,England
Ilkley,West Yorkshire,England
Keighley,West Yorkshire,England
Knottingley,West Yorkshire,England
Leeds,West Yorkshire,England
Liversedge,West Yorkshire,England
Mirfield,West Yorkshire,England
Normanton,West Yorkshire,England
Ossett,West Yorkshire,England
Otley,West Yorkshire,England
Pontefract,West Yorkshire,England
Pudsey,West Yorkshire,England
Shipley,West Yorkshire,England
Sowerby Bridge,West Yorkshire,England
Wakefield,West Yorkshire,England
Wetherby,West Yorkshire,England
Bradford On Avon,Wiltshire,England
Calne,Wiltshire,England
Chippenham,Wiltshire,England
Corsham,Wiltshire,England
Devizes,Wiltshire,England
Malmesbury,Wiltshire,England
Marlborough,Wiltshire,England
Melksham,Wiltshire,England
Pewsey,Wiltshire,England
Salisbury,Wiltshire,England
Swindon,Wiltshire,England
Tidworth,Wiltshire,England
Trowbridge,Wiltshire,England
Warminster,Wiltshire,England
Westbury,Wiltshire,England
Bewdley,Worcestershire,England
Broadway,Worcestershire,England
Bromsgrove,Worcestershire,England
Droitwich,Worcestershire,England
Evesham,Worcestershire,England
Kidderminster,Worcestershire,England
Malvern,Worcestershire,England
Pershore,Worcestershire,England
Redditch,Worcestershire,England
Stourport On Severn,Worcestershire,England
Tenbury Wells,Worcestershire,England
Worcester,Worcestershire,England
Antrim,County Antrim,Northern Ireland
Ballycastle,County Antrim,Northern Ireland
Ballyclare,County Antrim,Northern Ireland
Ballymena,County Antrim,Northern Ireland
Ballymoney,County Antrim,Northern Ireland
Belfast,County Antrim,Northern Ireland
Bushmills,County Antrim,Northern Ireland
Carrickfergus,County Antrim,Northern Ireland
Crumlin,County Antrim,Northern Ireland
Larne,County Antrim,Northern Ireland
Lisburn,County Antrim,Northern Ireland
Newtownabbey,County Antrim,Northern Ireland
Portrush,County Antrim,Northern Ireland
Armagh,County Armagh,Northern Ireland
Craigavon,County Armagh,Northern Ireland
Newry,County Armagh,Northern Ireland
Ballynahinch,County Down,Northern Ireland
Banbridge,County Down,Northern Ireland
Bangor,County Down,Northern Ireland
Castlewellan,County Down,Northern Ireland
Donaghadee,County Down,Northern Ireland
Downpatrick,County Down,Northern Ireland
Dromore,County Down,Northern Ireland
Hillsborough,County Down,Northern Ireland
Holywood,County Down,Northern Ireland
Newcastle,County Down,Northern Ireland
Newry,County Down,Northern Ireland
Newtownards,County Down,Northern Ireland
Enniskillen,County Fermanagh,Northern Ireland
Coleraine,County Londonderry,Northern Ireland
Limavady,County Londonderry,Northern Ireland
Londonderry,County Londonderry,Northern Ireland
Maghera,County Londonderry,Northern Ireland
Magherafelt,County Londonderry,Northern Ireland
Portstewart,County Londonderry,Northern Ireland
Augher,County Tyrone,Northern Ireland
Aughnacloy,County Tyrone,Northern Ireland
Caledon,County Tyrone,Northern Ireland
Castlederg,County Tyrone,Northern Ireland
Clogher,County Tyrone,Northern Ireland
Cookstown,County Tyrone,Northern Ireland
Dungannon,County Tyrone,Northern Ireland
Fivemiletown,County Tyrone,Northern Ireland
Omagh,County Tyrone,Northern Ireland
Strabane,County Tyrone,Northern Ireland
Aberdeen,Aberdeenshire,Scotland
Aboyne,Aberdeenshire,Scotland
Alford,Aberdeenshire,Scotland
Ballater,Aberdeenshire,Scotland
Ellon,Aberdeenshire,Scotland
Fraserburgh,Aberdeenshire,Scotland
Huntly,Aberdeenshire,Scotland
Insch,Aberdeenshire,Scotland
Inverurie,Aberdeenshire,Scotland
Milltimber,Aberdeenshire,Scotland
Peterculter,Aberdeenshire,Scotland
Peterhead,Aberdeenshire,Scotland
Strathdon,Aberdeenshire,Scotland
Turriff,Aberdeenshire,Scotland
Westhill,Aberdeenshire,Scotland
Arbroath,Angus,Scotland
Brechin,Angus,Scotland
Carnoustie,Angus,Scotland
Dundee,Angus,Scotland
Forfar,Angus,Scotland
Kirriemuir,Angus,Scotland
Montrose,Angus,Scotland
Acharacle,Argyll,Scotland
Appin,Argyll,Scotland
Ballachulish,Argyll,Scotland
Bridge of Orchy,Argyll,Scotland
Cairndow,Argyll,Scotland
Campbeltown,Argyll,Scotland
Colintraive,Argyll,Scotland
Dalmally,Argyll,Scotland
Dunoon,Argyll,Scotland
Inveraray,Argyll,Scotland
Kinlochleven,Argyll,Scotland
Lochgilphead,Argyll,Scotland
Oban,Argyll,Scotland
Tarbert,Argyll,Scotland
Taynuilt,Argyll,Scotland
Tighnabruaich,Argyll,Scotland
Ardrossan,Ayrshire,Scotland
Ayr,Ayrshire,Scotland
Beith,Ayrshire,Scotland
Cumnock,Ayrshire,Scotland
Dalry,Ayrshire,Scotland
Darvel,Ayrshire,Scotland
Galston,Ayrshire,Scotland
Girvan,Ayrshire,Scotland
Irvine,Ayrshire,Scotland
Kilbirnie,Ayrshire,Scotland
Kilmarnock,Ayrshire,Scotland
Kilwinning,Ayrshire,Scotland
Largs,Ayrshire,Scotland
Mauchline,Ayrshire,Scotland
Maybole,Ayrshire,Scotland
Newmilns,Ayrshire,Scotland
Prestwick,Ayrshire,Scotland
Saltcoats,Ayrshire,Scotland
Skelmorlie,Ayrshire,Scotland
Stevenston,Ayrshire,Scotland
Troon,Ayrshire,Scotland
West Kilbride,Ayrshire,Scotland
Aberlour,Banffshire,Scotland
Ballindalloch,Banffshire,Scotland
Banff,Banffshire,Scotland
Buckie,Banffshire,Scotland
Keith,Banffshire,Scotland
Macduff,Banffshire,Scotland
Cockburnspath,Berwickshire,Scotland
Coldstream,Berwickshire,Scotland
Duns,Berwickshire,Scotland
Earlston,Berwickshire,Scotland
Eyemouth,Berwickshire,Scotland
Gordon,Berwickshire,Scotland
Lauder,Berwickshire,Scotland
Berriedale,Caithness,Scotland
Dunbeath,Caithness,Scotland
Halkirk,Caithness,Scotland
Latheron,Caithness,Scotland
Lybster,Caithness,Scotland
Thurso,Caithness,Scotland
Wick,Caithness,Scotland
Guernsey,Channel Islesnot,Scotland
Jersey,Channel Islesnot,Scotland
Alloa,Clackmannanshire,Scotland
Alva,Clackmannanshire,Scotland
Clackmannan,Clackmannanshire,Scotland
Dollar,Clackmannanshire,Scotland
Menstrie,Clackmannanshire,Scotland
Tillicoultry,Clackmannanshire,Scotland
Annan,Dumfriesshire,Scotland
Canonbie,Dumfriesshire,Scotland
Dumfries,Dumfriesshire,Scotland
Gretna,Dumfriesshire,Scotland
Langholm,Dumfriesshire,Scotland
Lockerbie,Dumfriesshire,Scotland
Moffat,Dumfriesshire,Scotland
Sanquhar,Dumfriesshire,Scotland
Thornhill,Dumfriesshire,Scotland
Alexandria,Dunbartonshire,Scotland
Arrochar,Dunbartonshire,Scotland
Clydebank,Dunbartonshire,Scotland
Dumbarton,Dunbartonshire,Scotland
Helensburgh,Dunbartonshire,Scotland
Dunbar,East Lothian,Scotland
East Linton,East Lothian,Scotland
Gullane,East Lothian,Scotland
Haddington,East Lothian,Scotland
Humbie,East Lothian,Scotland
Longniddry,East Lothian,Scotland
North Berwick,East Lothian,Scotland
Prestonpans,East Lothian,Scotland
Tranent,East Lothian,Scotland
Anstruther,Fife,Scotland
Burntisland,Fife,Scotland
Cowdenbeath,Fife,Scotland
Cupar,Fife,Scotland
Dunfermline,Fife,Scotland
Glenrothes,Fife,Scotland
Inverkeithing,Fife,Scotland
Kelty,Fife,Scotland
Kirkcaldy,Fife,Scotland
Leven,Fife,Scotland
Lochgelly,Fife,Scotland
Newport On Tay,Fife,Scotland
St Andrews,Fife,Scotland
Tayport,Fife,Scotland
Arisaig,Inverness Shire,Scotland
Aviemore,Inverness Shire,Scotland
Beauly,Inverness Shire,Scotland
Boat of Garten,Inverness Shire,Scotland
Carrbridge,Inverness Shire,Scotland
Corrour,Inverness Shire,Scotland
Dalwhinnie,Inverness Shire,Scotland
Fort Augustus,Inverness Shire,Scotland
Fort William,Inverness Shire,Scotland
Glenfinnan,Inverness Shire,Scotland
Invergarry,Inverness Shire,Scotland
Inverness,Inverness Shire,Scotland
Isle of South Uist,Inverness Shire,Scotland
Kingussie,Inverness Shire,Scotland
Lochailort,Inverness Shire,Scotland
Mallaig,Inverness Shire,Scotland
Nethy Bridge,Inverness Shire,Scotland
Newtonmore,Inverness Shire,Scotland
Roy Bridge,Inverness Shire,Scotland
Spean Bridge,Inverness Shire,Scotland
Isle of Arran,Isle of Arran,Scotland
Isle of Barra,Isle of Barra,Scotland
Isle of Benbecula,Isle of Benbecula,Scotland
Isle of Bute,Isle of Bute,Scotland
Isle of Canna,Isle of Canna,Scotland
Isle of Coll,Isle of Coll,Scotland
Isle of Colonsay,Isle of Colonsay,Scotland
Isle of Cumbrae,Isle of Cumbrae,Scotland
Isle of Eigg,Isle of Eigg,Scotland
Isle of Gigha,Isle of Gigha,Scotland
Isle of Harris,Isle of Harris,Scotland
Isle of Iona,Isle of Iona,Scotland
Isle of Islay,Isle of Islay,Scotland
Isle of Jura,Isle of Jura,Scotland
Isle of Lewis,Isle of Lewis,Scotland
Stornoway,Isle of Lewis,Scotland
Isle of Man,Isle of Mannot,Scotland
Isle of Mull,Isle of Mull,Scotland
Isle of North Uist,Isle of North Uist,Scotland
Isle of Rum,Isle of Rum,Scotland
Isle of Scalpay,Isle of Scalpay,Scotland
Isle of Skye,Isle of Skye,Scotland
Portree,Isle of Skye,Scotland
Isle of Tiree,Isle of Tiree,Scotland
Banchory,Kincardineshire,Scotland
Laurencekirk,Kincardineshire,Scotland
Stonehaven,Kincardineshire,Scotland
Kinross,Kinross Shire,Scotland
Castle Douglas,Kirkcudbrightshire,Scotland
Dalbeattie,Kirkcudbrightshire,Scotland
Kirkcudbright,Kirkcudbrightshire,Scotland
Airdrie,Lanarkshire,Scotland
Bellshill,Lanarkshire,Scotland
Biggar,Lanarkshire,Scotland
Carluke,Lanarkshire,Scotland
Coatbridge,Lanarkshire,Scotland
Glasgow,Lanarkshire,Scotland
Hamilton,Lanarkshire,Scotland
Lanark,Lanarkshire,Scotland
Larkhall,Lanarkshire,Scotland
Motherwell,Lanarkshire,Scotland
Shotts,Lanarkshire,Scotland
Strathaven,Lanarkshire,Scotland
Wishaw,Lanarkshire,Scotland
Balerno,Midlothian,Scotland
Bonnyrigg,Midlothian,Scotland
Currie,Midlothian,Scotland
Dalkeith,Midlothian,Scotland
Edinburgh,Midlothian,Scotland
Gorebridge,Midlothian,Scotland
Heriot,Midlothian,Scotland
Juniper Green,Midlothian,Scotland
Kirknewton,Midlothian,Scotland
Lasswade,Midlothian,Scotland
Loanhead,Midlothian,Scotland
Musselburgh,Midlothian,Scotland
Newbridge,Midlothian,Scotland
Pathhead,Midlothian,Scotland
Penicuik,Midlothian,Scotland
Rosewell,Midlothian,Scotland
Roslin,Midlothian,Scotland
Elgin,Morayshire,Scotland
Fochabers,Morayshire,Scotland
Forres,Morayshire,Scotland
Grantown On Spey,Morayshire,Scotland
Lossiemouth,Morayshire,Scotland
Nairn,Nairnshire,Scotland
Kirkwall,Orkney,Scotland
Orkney,Orkney,Scotland
Stromness,Orkney,Scotland
Innerleithen,Peeblesshire,Scotland
Peebles,Peeblesshire,Scotland
Walkerburn,Peeblesshire,Scotland
West Linton,Peeblesshire,Scotland
Aberfeldy,Perthshire,Scotland
Auchterarder,Perthshire,Scotland
Blairgowrie,Perthshire,Scotland
Callander,Perthshire,Scotland
Crianlarich,Perthshire,Scotland
Crieff,Perthshire,Scotland
Doune,Perthshire,Scotland
Dunblane,Perthshire,Scotland
Dunkeld,Perthshire,Scotland
Killin,Perthshire,Scotland
Lochearnhead,Perthshire,Scotland
Perth,Perthshire,Scotland
Pitlochry,Perthshire,Scotland
Bishopton,Renfrewshire,Scotland
Bridge of Weir,Renfrewshire,Scotland
Erskine,Renfrewshire,Scotland
Gourock,Renfrewshire,Scotland
Greenock,Renfrewshire,Scotland
Johnstone,Renfrewshire,Scotland
Kilmacolm,Renfrewshire,Scotland
Lochwinnoch,Renfrewshire,Scotland
Paisley,Renfrewshire,Scotland
Port Glasgow,Renfrewshire,Scotland
Renfrew,Renfrewshire,Scotland
Wemyss Bay,Renfrewshire,Scotland
Achnasheen,Ross Shire,Scotland
Alness,Ross Shire,Scotland
Avoch,Ross Shire,Scotland
Cromarty,Ross Shire,Scotland
Dingwall,Ross Shire,Scotland
Fortrose,Ross Shire,Scotland
Gairloch,Ross Shire,Scotland
Garve,Ross Shire,Scotland
Invergordon,Ross Shire,Scotland
Kyle,Ross Shire,Scotland
Muir of Ord,Ross Shire,Scotland
Munlochy,Ross Shire,Scotland
Plockton,Ross Shire,Scotland
Strathcarron,Ross Shire,Scotland
Strathpeffer,Ross Shire,Scotland
Strome Ferry,Ross Shire,Scotland
Tain,Ross Shire,Scotland
Ullapool,Ross Shire,Scotland
Hawick,Roxburghshire,Scotland
Jedburgh,Roxburghshire,Scotland
Kelso,Roxburghshire,Scotland
Melrose,Roxburghshire,Scotland
Newcastleton,Roxburghshire,Scotland
Galashiels,Selkirkshire,Scotland
Selkirk,Selkirkshire,Scotland
Shetland,Shetland Islands,Scotland
Bonnybridge,Stirlingshire,Scotland
Denny,Stirlingshire,Scotland
Falkirk,Stirlingshire,Scotland
Grangemouth,Stirlingshire,Scotland
Larbert,Stirlingshire,Scotland
Stirling,Stirlingshire,Scotland
Ardgay,Sutherland,Scotland
Brora,Sutherland,Scotland
Dornoch,Sutherland,Scotland
Forsinard,Sutherland,Scotland
Golspie,Sutherland,Scotland
Helmsdale,Sutherland,Scotland
Kinbrace,Sutherland,Scotland
Lairg,Sutherland,Scotland
Rogart,Sutherland,Scotland
Bathgate,West Lothian,Scotland
Boness,West Lothian,Scotland
Broxburn,West Lothian,Scotland
Kirkliston,West Lothian,Scotland
Linlithgow,West Lothian,Scotland
Livingston,West Lothian,Scotland
South Queensferry,West Lothian,Scotland
West Calder,West Lothian,Scotland
Newton Stewart,Wigtownshire,Scotland
Stranraer,Wigtownshire,Scotland
Abergele,Clwyd,Wales
Bagillt,Clwyd,Wales
Buckley,Clwyd,Wales
Colwyn Bay,Clwyd,Wales
Corwen,Clwyd,Wales
Deeside,Clwyd,Wales
Denbigh,Clwyd,Wales
Flint,Clwyd,Wales
Holywell,Clwyd,Wales
Llangollen,Clwyd,Wales
Mold,Clwyd,Wales
Prestatyn,Clwyd,Wales
Rhyl,Clwyd,Wales
Ruthin,Clwyd,Wales
St Asaph,Clwyd,Wales
Wrexham,Clwyd,Wales
Aberaeron,Dyfed,Wales
Aberystwyth,Dyfed,Wales
Ammanford,Dyfed,Wales
Boncath,Dyfed,Wales
Borth,Dyfed,Wales
Bow Street,Dyfed,Wales
Burry Port,Dyfed,Wales
Cardigan,Dyfed,Wales
Carmarthen,Dyfed,Wales
Clarbeston Road,Dyfed,Wales
Clynderwen,Dyfed,Wales
Crymych,Dyfed,Wales
Ferryside,Dyfed,Wales
Fishguard,Dyfed,Wales
Glogue,Dyfed,Wales
Goodwick,Dyfed,Wales
Haverfordwest,Dyfed,Wales
Kidwelly,Dyfed,Wales
Kilgetty,Dyfed,Wales
Lampeter,Dyfed,Wales
Llanarth,Dyfed,Wales
Llandeilo,Dyfed,Wales
Llandovery,Dyfed,Wales
Llandysul,Dyfed,Wales
Llanelli,Dyfed,Wales
Llanfyrnach,Dyfed,Wales
Llangadog,Dyfed,Wales
Llanon,Dyfed,Wales
Llanrhystud,Dyfed,Wales
Llanwrda,Dyfed,Wales
Llanybydder,Dyfed,Wales
Milford Haven,Dyfed,Wales
Narberth,Dyfed,Wales
New Quay,Dyfed,Wales
Newcastle Emlyn,Dyfed,Wales
Newport,Dyfed,Wales
Pembroke,Dyfed,Wales
Pembroke Dock,Dyfed,Wales
Pencader,Dyfed,Wales
Saundersfoot,Dyfed,Wales
Talybont,Dyfed,Wales
Tenby,Dyfed,Wales
Tregaron,Dyfed,Wales
Whitland,Dyfed,Wales
Ystrad Meurig,Dyfed,Wales
Abergavenny,Gwent,Wales
Abertillery,Gwent,Wales
Blackwood,Gwent,Wales
Caldicot,Gwent,Wales
Chepstow,Gwent,Wales
Cwmbran,Gwent,Wales
Ebbw Vale,Gwent,Wales
Monmouth,Gwent,Wales
New Tredegar,Gwent,Wales
Newport,Gwent,Wales
Pontypool,Gwent,Wales
Tredegar,Gwent,Wales
Usk,Gwent,Wales
Aberdyfi,Gwynedd,Wales
Amlwch,Gwynedd,Wales
Arthog,Gwynedd,Wales
Bala,Gwynedd,Wales
Bangor,Gwynedd,Wales
Barmouth,Gwynedd,Wales
Beaumaris,Gwynedd,Wales
Betws Y Coed,Gwynedd,Wales
Blaenau Ffestiniog,Gwynedd,Wales
Bodorgan,Gwynedd,Wales
Brynteg,Gwynedd,Wales
Caernarfon,Gwynedd,Wales
Cemaes Bay,Gwynedd,Wales
Conwy,Gwynedd,Wales
Criccieth,Gwynedd,Wales
Dolgellau,Gwynedd,Wales
Dolwyddelan,Gwynedd,Wales
Dulas,Gwynedd,Wales
Dyffryn Ardudwy,Gwynedd,Wales
Fairbourne,Gwynedd,Wales
Gaerwen,Gwynedd,Wales
Garndolbenmaen,Gwynedd,Wales
Harlech,Gwynedd,Wales
Holyhead,Gwynedd,Wales
Llanbedr,Gwynedd,Wales
Llanbedrgoch,Gwynedd,Wales
Llandudno,Gwynedd,Wales
Llandudno Junction,Gwynedd,Wales
Llanerchymedd,Gwynedd,Wales
Llanfairfechan,Gwynedd,Wales
Llanfairpwllgwyngyll,Gwynedd,Wales
Llangefni,Gwynedd,Wales
Llanrwst,Gwynedd,Wales
Llwyngwril,Gwynedd,Wales
Marianglas,Gwynedd,Wales
Menai Bridge,Gwynedd,Wales
Moelfre,Gwynedd,Wales
Penmaenmawr,Gwynedd,Wales
Penrhyndeudraeth,Gwynedd,Wales
Pentraeth,Gwynedd,Wales
Penysarn,Gwynedd,Wales
Porthmadog,Gwynedd,Wales
Pwllheli,Gwynedd,Wales
Rhosgoch,Gwynedd,Wales
Rhosneigr,Gwynedd,Wales
Talsarnau,Gwynedd,Wales
Talybont,Gwynedd,Wales
Trefriw,Gwynedd,Wales
Ty Croes,Gwynedd,Wales
Tyn Y Gongl,Gwynedd,Wales
Tywyn,Gwynedd,Wales
Y Felinheli,Gwynedd,Wales
Aberdare,Mid Glamorgan,Wales
Bargoed,Mid Glamorgan,Wales
Bridgend,Mid Glamorgan,Wales
Caerphilly,Mid Glamorgan,Wales
Ferndale,Mid Glamorgan,Wales
Hengoed,Mid Glamorgan,Wales
Maesteg,Mid Glamorgan,Wales
Merthyr Tydfil,Mid Glamorgan,Wales
Mountain Ash,Mid Glamorgan,Wales
Pentre,Mid Glamorgan,Wales
Pontyclun,Mid Glamorgan,Wales
Pontypridd,Mid Glamorgan,Wales
Porth,Mid Glamorgan,Wales
Porthcawl,Mid Glamorgan,Wales
Tonypandy,Mid Glamorgan,Wales
Treharris,Mid Glamorgan,Wales
Treorchy,Mid Glamorgan,Wales
Brecon,Powys,Wales
Builth Wells,Powys,Wales
Caersws,Powys,Wales
Crickhowell,Powys,Wales
Knighton,Powys,Wales
Llanbrynmair,Powys,Wales
Llandinam,Powys,Wales
Llandrindod Wells,Powys,Wales
Llanfechain,Powys,Wales
Llanfyllin,Powys,Wales
Llangammarch Wells,Powys,Wales
Llanidloes,Powys,Wales
Llansantffraid,Powys,Wales
Llanwrtyd Wells,Powys,Wales
Llanymynech,Powys,Wales
Machynlleth,Powys,Wales
Meifod,Powys,Wales
Montgomery,Powys,Wales
Newtown,Powys,Wales
Presteigne,Powys,Wales
Rhayader,Powys,Wales
Welshpool,Powys,Wales
Barry,South Glamorgan,Wales
Cardiff,South Glamorgan,Wales
Cowbridge,South Glamorgan,Wales
Dinas Powys,South Glamorgan,Wales
Llantwit Major,South Glamorgan,Wales
Penarth,South Glamorgan,Wales
Neath,West Glamorgan,Wales
Port Talbot,West Glamorgan,Wales
Swansea,West Glamorgan,Wales
